timestamp,campaign_name,campaign_kind,case_label,git_commit,build_name,compiler,compiler_version,cmake_build_type,cxx_flags,node_name,job_id,threads,omp_places,omp_proc_bind,domain_size,end_time,step_size,preconditioner,output_disabled,repetition,wall_time_sec,user_time_sec,sys_time_sec,max_rss_kb,exit_code,stdout_path,stderr_path,time_path,measurements_dir,database_dir,command
2026-06-24T05:06:54.036104+00:00,scaling-opt-d,benchmark,,bd5af092e4246f27211e6b1079dcc5261bf04400,opt-d-build,c++,c++ (GCC) 11.5.0 20240719 (Red Hat 11.5.0-5),RelWithDebInfo,-O2 -g -DNDEBUG,mpsd0294,52792584,1,cores,spread,96,10,0.4,dic,True,1,111.02,108.90,1.38,705888,0,/work/scratch/kurse/kurs00102/aa51gony/minicfd/scaling-opt-d/2026-06-24T05-05-02.945202+00-00/runs/run_0001_d96_e10_t1_bind-spread_r01/stdout.log,/work/scratch/kurse/kurs00102/aa51gony/minicfd/scaling-opt-d/2026-06-24T05-05-02.945202+00-00/runs/run_0001_d96_e10_t1_bind-spread_r01/stderr.log,/work/scratch/kurse/kurs00102/aa51gony/minicfd/scaling-opt-d/2026-06-24T05-05-02.945202+00-00/runs/run_0001_d96_e10_t1_bind-spread_r01/time.txt,,,/work/home/kurse/kurs00102/aa51gony/minicfd/build/opt-d-build/minicfd -d 96 -e 10 -s 0.4 -p dic -l off --disable-output
2026-06-24T05:08:44.609528+00:00,scaling-opt-d,benchmark,,bd5af092e4246f27211e6b1079dcc5261bf04400,opt-d-build,c++,c++ (GCC) 11.5.0 20240719 (Red Hat 11.5.0-5),RelWithDebInfo,-O2 -g -DNDEBUG,mpsd0294,52792584,1,cores,spread,96,10,0.4,dic,True,2,110.56,108.78,1.48,707572,0,/work/scratch/kurse/kurs00102/aa51gony/minicfd/scaling-opt-d/2026-06-24T05-05-02.945202+00-00/runs/run_0002_d96_e10_t1_bind-spread_r02/stdout.log,/work/scratch/kurse/kurs00102/aa51gony/minicfd/scaling-opt-d/2026-06-24T05-05-02.945202+00-00/runs/run_0002_d96_e10_t1_bind-spread_r02/stderr.log,/work/scratch/kurse/kurs00102/aa51gony/minicfd/scaling-opt-d/2026-06-24T05-05-02.945202+00-00/runs/run_0002_d96_e10_t1_bind-spread_r02/time.txt,,,/work/home/kurse/kurs00102/aa51gony/minicfd/build/opt-d-build/minicfd -d 96 -e 10 -s 0.4 -p dic -l off --disable-output
2026-06-24T05:10:35.131145+00:00,scaling-opt-d,benchmark,,bd5af092e4246f27211e6b1079dcc5261bf04400,opt-d-build,c++,c++ (GCC) 11.5.0 20240719 (Red Hat 11.5.0-5),RelWithDebInfo,-O2 -g -DNDEBUG,mpsd0294,52792584,1,cores,spread,96,10,0.4,dic,True,3,110.51,108.80,1.40,708336,0,/work/scratch/kurse/kurs00102/aa51gony/minicfd/scaling-opt-d/2026-06-24T05-05-02.945202+00-00/runs/run_0003_d96_e10_t1_bind-spread_r03/stdout.log,/work/scratch/kurse/kurs00102/aa51gony/minicfd/scaling-opt-d/2026-06-24T05-05-02.945202+00-00/runs/run_0003_d96_e10_t1_bind-spread_r03/stderr.log,/work/scratch/kurse/kurs00102/aa51gony/minicfd/scaling-opt-d/2026-06-24T05-05-02.945202+00-00/runs/run_0003_d96_e10_t1_bind-spread_r03/time.txt,,,/work/home/kurse/kurs00102/aa51gony/minicfd/build/opt-d-build/minicfd -d 96 -e 10 -s 0.4 -p dic -l off --disable-output
2026-06-24T05:12:12.620683+00:00,scaling-opt-d,benchmark,,bd5af092e4246f27211e6b1079dcc5261bf04400,opt-d-build,c++,c++ (GCC) 11.5.0 20240719 (Red Hat 11.5.0-5),RelWithDebInfo,-O2 -g -DNDEBUG,mpsd0294,52792584,2,cores,spread,96,10,0.4,dic,True,1,97.48,125.89,1.50,705800,0,/work/scratch/kurse/kurs00102/aa51gony/minicfd/scaling-opt-d/2026-06-24T05-05-02.945202+00-00/runs/run_0004_d96_e10_t2_bind-spread_r01/stdout.log,/work/scratch/kurse/kurs00102/aa51gony/minicfd/scaling-opt-d/2026-06-24T05-05-02.945202+00-00/runs/run_0004_d96_e10_t2_bind-spread_r01/stderr.log,/work/scratch/kurse/kurs00102/aa51gony/minicfd/scaling-opt-d/2026-06-24T05-05-02.945202+00-00/runs/run_0004_d96_e10_t2_bind-spread_r01/time.txt,,,/work/home/kurse/kurs00102/aa51gony/minicfd/build/opt-d-build/minicfd -d 96 -e 10 -s 0.4 -p dic -l off --disable-output
2026-06-24T05:13:50.202855+00:00,scaling-opt-d,benchmark,,bd5af092e4246f27211e6b1079dcc5261bf04400,opt-d-build,c++,c++ (GCC) 11.5.0 20240719 (Red Hat 11.5.0-5),RelWithDebInfo,-O2 -g -DNDEBUG,mpsd0294,52792584,2,cores,spread,96,10,0.4,dic,True,2,97.57,125.98,1.56,705976,0,/work/scratch/kurse/kurs00102/aa51gony/minicfd/scaling-opt-d/2026-06-24T05-05-02.945202+00-00/runs/run_0005_d96_e10_t2_bind-spread_r02/stdout.log,/work/scratch/kurse/kurs00102/aa51gony/minicfd/scaling-opt-d/2026-06-24T05-05-02.945202+00-00/runs/run_0005_d96_e10_t2_bind-spread_r02/stderr.log,/work/scratch/kurse/kurs00102/aa51gony/minicfd/scaling-opt-d/2026-06-24T05-05-02.945202+00-00/runs/run_0005_d96_e10_t2_bind-spread_r02/time.txt,,,/work/home/kurse/kurs00102/aa51gony/minicfd/build/opt-d-build/minicfd -d 96 -e 10 -s 0.4 -p dic -l off --disable-output
2026-06-24T05:15:28.064132+00:00,scaling-opt-d,benchmark,,bd5af092e4246f27211e6b1079dcc5261bf04400,opt-d-build,c++,c++ (GCC) 11.5.0 20240719 (Red Hat 11.5.0-5),RelWithDebInfo,-O2 -g -DNDEBUG,mpsd0294,52792584,2,cores,spread,96,10,0.4,dic,True,3,97.85,126.29,1.52,705312,0,/work/scratch/kurse/kurs00102/aa51gony/minicfd/scaling-opt-d/2026-06-24T05-05-02.945202+00-00/runs/run_0006_d96_e10_t2_bind-spread_r03/stdout.log,/work/scratch/kurse/kurs00102/aa51gony/minicfd/scaling-opt-d/2026-06-24T05-05-02.945202+00-00/runs/run_0006_d96_e10_t2_bind-spread_r03/stderr.log,/work/scratch/kurse/kurs00102/aa51gony/minicfd/scaling-opt-d/2026-06-24T05-05-02.945202+00-00/runs/run_0006_d96_e10_t2_bind-spread_r03/time.txt,,,/work/home/kurse/kurs00102/aa51gony/minicfd/build/opt-d-build/minicfd -d 96 -e 10 -s 0.4 -p dic -l off --disable-output
2026-06-24T05:16:56.552527+00:00,scaling-opt-d,benchmark,,bd5af092e4246f27211e6b1079dcc5261bf04400,opt-d-build,c++,c++ (GCC) 11.5.0 20240719 (Red Hat 11.5.0-5),RelWithDebInfo,-O2 -g -DNDEBUG,mpsd0294,52792584,4,cores,spread,96,10,0.4,dic,True,1,88.48,152.35,1.56,705136,0,/work/scratch/kurse/kurs00102/aa51gony/minicfd/scaling-opt-d/2026-06-24T05-05-02.945202+00-00/runs/run_0007_d96_e10_t4_bind-spread_r01/stdout.log,/work/scratch/kurse/kurs00102/aa51gony/minicfd/scaling-opt-d/2026-06-24T05-05-02.945202+00-00/runs/run_0007_d96_e10_t4_bind-spread_r01/stderr.log,/work/scratch/kurse/kurs00102/aa51gony/minicfd/scaling-opt-d/2026-06-24T05-05-02.945202+00-00/runs/run_0007_d96_e10_t4_bind-spread_r01/time.txt,,,/work/home/kurse/kurs00102/aa51gony/minicfd/build/opt-d-build/minicfd -d 96 -e 10 -s 0.4 -p dic -l off --disable-output
2026-06-24T05:18:25.178980+00:00,scaling-opt-d,benchmark,,bd5af092e4246f27211e6b1079dcc5261bf04400,opt-d-build,c++,c++ (GCC) 11.5.0 20240719 (Red Hat 11.5.0-5),RelWithDebInfo,-O2 -g -DNDEBUG,mpsd0294,52792584,4,cores,spread,96,10,0.4,dic,True,2,88.61,152.34,1.56,706392,0,/work/scratch/kurse/kurs00102/aa51gony/minicfd/scaling-opt-d/2026-06-24T05-05-02.945202+00-00/runs/run_0008_d96_e10_t4_bind-spread_r02/stdout.log,/work/scratch/kurse/kurs00102/aa51gony/minicfd/scaling-opt-d/2026-06-24T05-05-02.945202+00-00/runs/run_0008_d96_e10_t4_bind-spread_r02/stderr.log,/work/scratch/kurse/kurs00102/aa51gony/minicfd/scaling-opt-d/2026-06-24T05-05-02.945202+00-00/runs/run_0008_d96_e10_t4_bind-spread_r02/time.txt,,,/work/home/kurse/kurs00102/aa51gony/minicfd/build/opt-d-build/minicfd -d 96 -e 10 -s 0.4 -p dic -l off --disable-output
2026-06-24T05:19:53.364603+00:00,scaling-opt-d,benchmark,,bd5af092e4246f27211e6b1079dcc5261bf04400,opt-d-build,c++,c++ (GCC) 11.5.0 20240719 (Red Hat 11.5.0-5),RelWithDebInfo,-O2 -g -DNDEBUG,mpsd0294,52792584,4,cores,spread,96,10,0.4,dic,True,3,88.17,151.58,1.60,706424,0,/work/scratch/kurse/kurs00102/aa51gony/minicfd/scaling-opt-d/2026-06-24T05-05-02.945202+00-00/runs/run_0009_d96_e10_t4_bind-spread_r03/stdout.log,/work/scratch/kurse/kurs00102/aa51gony/minicfd/scaling-opt-d/2026-06-24T05-05-02.945202+00-00/runs/run_0009_d96_e10_t4_bind-spread_r03/stderr.log,/work/scratch/kurse/kurs00102/aa51gony/minicfd/scaling-opt-d/2026-06-24T05-05-02.945202+00-00/runs/run_0009_d96_e10_t4_bind-spread_r03/time.txt,,,/work/home/kurse/kurs00102/aa51gony/minicfd/build/opt-d-build/minicfd -d 96 -e 10 -s 0.4 -p dic -l off --disable-output
2026-06-24T05:21:17.525172+00:00,scaling-opt-d,benchmark,,bd5af092e4246f27211e6b1079dcc5261bf04400,opt-d-build,c++,c++ (GCC) 11.5.0 20240719 (Red Hat 11.5.0-5),RelWithDebInfo,-O2 -g -DNDEBUG,mpsd0294,52792584,8,cores,spread,96,10,0.4,dic,True,1,84.15,204.74,1.64,706404,0,/work/scratch/kurse/kurs00102/aa51gony/minicfd/scaling-opt-d/2026-06-24T05-05-02.945202+00-00/runs/run_0010_d96_e10_t8_bind-spread_r01/stdout.log,/work/scratch/kurse/kurs00102/aa51gony/minicfd/scaling-opt-d/2026-06-24T05-05-02.945202+00-00/runs/run_0010_d96_e10_t8_bind-spread_r01/stderr.log,/work/scratch/kurse/kurs00102/aa51gony/minicfd/scaling-opt-d/2026-06-24T05-05-02.945202+00-00/runs/run_0010_d96_e10_t8_bind-spread_r01/time.txt,,,/work/home/kurse/kurs00102/aa51gony/minicfd/build/opt-d-build/minicfd -d 96 -e 10 -s 0.4 -p dic -l off --disable-output
2026-06-24T05:22:41.048412+00:00,scaling-opt-d,benchmark,,bd5af092e4246f27211e6b1079dcc5261bf04400,opt-d-build,c++,c++ (GCC) 11.5.0 20240719 (Red Hat 11.5.0-5),RelWithDebInfo,-O2 -g -DNDEBUG,mpsd0294,52792584,8,cores,spread,96,10,0.4,dic,True,2,83.51,203.05,1.69,706988,0,/work/scratch/kurse/kurs00102/aa51gony/minicfd/scaling-opt-d/2026-06-24T05-05-02.945202+00-00/runs/run_0011_d96_e10_t8_bind-spread_r02/stdout.log,/work/scratch/kurse/kurs00102/aa51gony/minicfd/scaling-opt-d/2026-06-24T05-05-02.945202+00-00/runs/run_0011_d96_e10_t8_bind-spread_r02/stderr.log,/work/scratch/kurse/kurs00102/aa51gony/minicfd/scaling-opt-d/2026-06-24T05-05-02.945202+00-00/runs/run_0011_d96_e10_t8_bind-spread_r02/time.txt,,,/work/home/kurse/kurs00102/aa51gony/minicfd/build/opt-d-build/minicfd -d 96 -e 10 -s 0.4 -p dic -l off --disable-output
2026-06-24T05:24:05.199112+00:00,scaling-opt-d,benchmark,,bd5af092e4246f27211e6b1079dcc5261bf04400,opt-d-build,c++,c++ (GCC) 11.5.0 20240719 (Red Hat 11.5.0-5),RelWithDebInfo,-O2 -g -DNDEBUG,mpsd0294,52792584,8,cores,spread,96,10,0.4,dic,True,3,84.14,204.92,1.66,705292,0,/work/scratch/kurse/kurs00102/aa51gony/minicfd/scaling-opt-d/2026-06-24T05-05-02.945202+00-00/runs/run_0012_d96_e10_t8_bind-spread_r03/stdout.log,/work/scratch/kurse/kurs00102/aa51gony/minicfd/scaling-opt-d/2026-06-24T05-05-02.945202+00-00/runs/run_0012_d96_e10_t8_bind-spread_r03/stderr.log,/work/scratch/kurse/kurs00102/aa51gony/minicfd/scaling-opt-d/2026-06-24T05-05-02.945202+00-00/runs/run_0012_d96_e10_t8_bind-spread_r03/time.txt,,,/work/home/kurse/kurs00102/aa51gony/minicfd/build/opt-d-build/minicfd -d 96 -e 10 -s 0.4 -p dic -l off --disable-output
2026-06-24T05:25:26.743180+00:00,scaling-opt-d,benchmark,,bd5af092e4246f27211e6b1079dcc5261bf04400,opt-d-build,c++,c++ (GCC) 11.5.0 20240719 (Red Hat 11.5.0-5),RelWithDebInfo,-O2 -g -DNDEBUG,mpsd0294,52792584,16,cores,spread,96,10,0.4,dic,True,1,81.53,313.34,2.11,706056,0,/work/scratch/kurse/kurs00102/aa51gony/minicfd/scaling-opt-d/2026-06-24T05-05-02.945202+00-00/runs/run_0013_d96_e10_t16_bind-spread_r01/stdout.log,/work/scratch/kurse/kurs00102/aa51gony/minicfd/scaling-opt-d/2026-06-24T05-05-02.945202+00-00/runs/run_0013_d96_e10_t16_bind-spread_r01/stderr.log,/work/scratch/kurse/kurs00102/aa51gony/minicfd/scaling-opt-d/2026-06-24T05-05-02.945202+00-00/runs/run_0013_d96_e10_t16_bind-spread_r01/time.txt,,,/work/home/kurse/kurs00102/aa51gony/minicfd/build/opt-d-build/minicfd -d 96 -e 10 -s 0.4 -p dic -l off --disable-output
2026-06-24T05:26:48.582259+00:00,scaling-opt-d,benchmark,,bd5af092e4246f27211e6b1079dcc5261bf04400,opt-d-build,c++,c++ (GCC) 11.5.0 20240719 (Red Hat 11.5.0-5),RelWithDebInfo,-O2 -g -DNDEBUG,mpsd0294,52792584,16,cores,spread,96,10,0.4,dic,True,2,81.83,315.09,2.09,705720,0,/work/scratch/kurse/kurs00102/aa51gony/minicfd/scaling-opt-d/2026-06-24T05-05-02.945202+00-00/runs/run_0014_d96_e10_t16_bind-spread_r02/stdout.log,/work/scratch/kurse/kurs00102/aa51gony/minicfd/scaling-opt-d/2026-06-24T05-05-02.945202+00-00/runs/run_0014_d96_e10_t16_bind-spread_r02/stderr.log,/work/scratch/kurse/kurs00102/aa51gony/minicfd/scaling-opt-d/2026-06-24T05-05-02.945202+00-00/runs/run_0014_d96_e10_t16_bind-spread_r02/time.txt,,,/work/home/kurse/kurs00102/aa51gony/minicfd/build/opt-d-build/minicfd -d 96 -e 10 -s 0.4 -p dic -l off --disable-output
2026-06-24T05:28:10.204752+00:00,scaling-opt-d,benchmark,,bd5af092e4246f27211e6b1079dcc5261bf04400,opt-d-build,c++,c++ (GCC) 11.5.0 20240719 (Red Hat 11.5.0-5),RelWithDebInfo,-O2 -g -DNDEBUG,mpsd0294,52792584,16,cores,spread,96,10,0.4,dic,True,3,81.61,313.21,2.14,707200,0,/work/scratch/kurse/kurs00102/aa51gony/minicfd/scaling-opt-d/2026-06-24T05-05-02.945202+00-00/runs/run_0015_d96_e10_t16_bind-spread_r03/stdout.log,/work/scratch/kurse/kurs00102/aa51gony/minicfd/scaling-opt-d/2026-06-24T05-05-02.945202+00-00/runs/run_0015_d96_e10_t16_bind-spread_r03/stderr.log,/work/scratch/kurse/kurs00102/aa51gony/minicfd/scaling-opt-d/2026-06-24T05-05-02.945202+00-00/runs/run_0015_d96_e10_t16_bind-spread_r03/time.txt,,,/work/home/kurse/kurs00102/aa51gony/minicfd/build/opt-d-build/minicfd -d 96 -e 10 -s 0.4 -p dic -l off --disable-output
2026-06-24T05:29:31.758774+00:00,scaling-opt-d,benchmark,,bd5af092e4246f27211e6b1079dcc5261bf04400,opt-d-build,c++,c++ (GCC) 11.5.0 20240719 (Red Hat 11.5.0-5),RelWithDebInfo,-O2 -g -DNDEBUG,mpsd0294,52792584,32,cores,spread,96,10,0.4,dic,True,1,81.54,540.56,3.09,706468,0,/work/scratch/kurse/kurs00102/aa51gony/minicfd/scaling-opt-d/2026-06-24T05-05-02.945202+00-00/runs/run_0016_d96_e10_t32_bind-spread_r01/stdout.log,/work/scratch/kurse/kurs00102/aa51gony/minicfd/scaling-opt-d/2026-06-24T05-05-02.945202+00-00/runs/run_0016_d96_e10_t32_bind-spread_r01/stderr.log,/work/scratch/kurse/kurs00102/aa51gony/minicfd/scaling-opt-d/2026-06-24T05-05-02.945202+00-00/runs/run_0016_d96_e10_t32_bind-spread_r01/time.txt,,,/work/home/kurse/kurs00102/aa51gony/minicfd/build/opt-d-build/minicfd -d 96 -e 10 -s 0.4 -p dic -l off --disable-output
2026-06-24T05:30:53.866639+00:00,scaling-opt-d,benchmark,,bd5af092e4246f27211e6b1079dcc5261bf04400,opt-d-build,c++,c++ (GCC) 11.5.0 20240719 (Red Hat 11.5.0-5),RelWithDebInfo,-O2 -g -DNDEBUG,mpsd0294,52792584,32,cores,spread,96,10,0.4,dic,True,2,82.10,540.17,3.54,707096,0,/work/scratch/kurse/kurs00102/aa51gony/minicfd/scaling-opt-d/2026-06-24T05-05-02.945202+00-00/runs/run_0017_d96_e10_t32_bind-spread_r02/stdout.log,/work/scratch/kurse/kurs00102/aa51gony/minicfd/scaling-opt-d/2026-06-24T05-05-02.945202+00-00/runs/run_0017_d96_e10_t32_bind-spread_r02/stderr.log,/work/scratch/kurse/kurs00102/aa51gony/minicfd/scaling-opt-d/2026-06-24T05-05-02.945202+00-00/runs/run_0017_d96_e10_t32_bind-spread_r02/time.txt,,,/work/home/kurse/kurs00102/aa51gony/minicfd/build/opt-d-build/minicfd -d 96 -e 10 -s 0.4 -p dic -l off --disable-output
2026-06-24T05:32:15.592080+00:00,scaling-opt-d,benchmark,,bd5af092e4246f27211e6b1079dcc5261bf04400,opt-d-build,c++,c++ (GCC) 11.5.0 20240719 (Red Hat 11.5.0-5),RelWithDebInfo,-O2 -g -DNDEBUG,mpsd0294,52792584,32,cores,spread,96,10,0.4,dic,True,3,81.71,541.33,3.61,707112,0,/work/scratch/kurse/kurs00102/aa51gony/minicfd/scaling-opt-d/2026-06-24T05-05-02.945202+00-00/runs/run_0018_d96_e10_t32_bind-spread_r03/stdout.log,/work/scratch/kurse/kurs00102/aa51gony/minicfd/scaling-opt-d/2026-06-24T05-05-02.945202+00-00/runs/run_0018_d96_e10_t32_bind-spread_r03/stderr.log,/work/scratch/kurse/kurs00102/aa51gony/minicfd/scaling-opt-d/2026-06-24T05-05-02.945202+00-00/runs/run_0018_d96_e10_t32_bind-spread_r03/time.txt,,,/work/home/kurse/kurs00102/aa51gony/minicfd/build/opt-d-build/minicfd -d 96 -e 10 -s 0.4 -p dic -l off --disable-output
2026-06-24T05:33:36.664063+00:00,scaling-opt-d,benchmark,,bd5af092e4246f27211e6b1079dcc5261bf04400,opt-d-build,c++,c++ (GCC) 11.5.0 20240719 (Red Hat 11.5.0-5),RelWithDebInfo,-O2 -g -DNDEBUG,mpsd0294,52792584,52,cores,spread,96,10,0.4,dic,True,1,81.06,832.90,3.82,707200,0,/work/scratch/kurse/kurs00102/aa51gony/minicfd/scaling-opt-d/2026-06-24T05-05-02.945202+00-00/runs/run_0019_d96_e10_t52_bind-spread_r01/stdout.log,/work/scratch/kurse/kurs00102/aa51gony/minicfd/scaling-opt-d/2026-06-24T05-05-02.945202+00-00/runs/run_0019_d96_e10_t52_bind-spread_r01/stderr.log,/work/scratch/kurse/kurs00102/aa51gony/minicfd/scaling-opt-d/2026-06-24T05-05-02.945202+00-00/runs/run_0019_d96_e10_t52_bind-spread_r01/time.txt,,,/work/home/kurse/kurs00102/aa51gony/minicfd/build/opt-d-build/minicfd -d 96 -e 10 -s 0.4 -p dic -l off --disable-output
2026-06-24T05:34:57.370295+00:00,scaling-opt-d,benchmark,,bd5af092e4246f27211e6b1079dcc5261bf04400,opt-d-build,c++,c++ (GCC) 11.5.0 20240719 (Red Hat 11.5.0-5),RelWithDebInfo,-O2 -g -DNDEBUG,mpsd0294,52792584,52,cores,spread,96,10,0.4,dic,True,2,80.69,828.66,3.85,706336,0,/work/scratch/kurse/kurs00102/aa51gony/minicfd/scaling-opt-d/2026-06-24T05-05-02.945202+00-00/runs/run_0020_d96_e10_t52_bind-spread_r02/stdout.log,/work/scratch/kurse/kurs00102/aa51gony/minicfd/scaling-opt-d/2026-06-24T05-05-02.945202+00-00/runs/run_0020_d96_e10_t52_bind-spread_r02/stderr.log,/work/scratch/kurse/kurs00102/aa51gony/minicfd/scaling-opt-d/2026-06-24T05-05-02.945202+00-00/runs/run_0020_d96_e10_t52_bind-spread_r02/time.txt,,,/work/home/kurse/kurs00102/aa51gony/minicfd/build/opt-d-build/minicfd -d 96 -e 10 -s 0.4 -p dic -l off --disable-output
2026-06-24T05:36:18.433470+00:00,scaling-opt-d,benchmark,,bd5af092e4246f27211e6b1079dcc5261bf04400,opt-d-build,c++,c++ (GCC) 11.5.0 20240719 (Red Hat 11.5.0-5),RelWithDebInfo,-O2 -g -DNDEBUG,mpsd0294,52792584,52,cores,spread,96,10,0.4,dic,True,3,81.05,833.58,4.15,705488,0,/work/scratch/kurse/kurs00102/aa51gony/minicfd/scaling-opt-d/2026-06-24T05-05-02.945202+00-00/runs/run_0021_d96_e10_t52_bind-spread_r03/stdout.log,/work/scratch/kurse/kurs00102/aa51gony/minicfd/scaling-opt-d/2026-06-24T05-05-02.945202+00-00/runs/run_0021_d96_e10_t52_bind-spread_r03/stderr.log,/work/scratch/kurse/kurs00102/aa51gony/minicfd/scaling-opt-d/2026-06-24T05-05-02.945202+00-00/runs/run_0021_d96_e10_t52_bind-spread_r03/time.txt,,,/work/home/kurse/kurs00102/aa51gony/minicfd/build/opt-d-build/minicfd -d 96 -e 10 -s 0.4 -p dic -l off --disable-output
2026-06-24T05:37:40.117196+00:00,scaling-opt-d,benchmark,,bd5af092e4246f27211e6b1079dcc5261bf04400,opt-d-build,c++,c++ (GCC) 11.5.0 20240719 (Red Hat 11.5.0-5),RelWithDebInfo,-O2 -g -DNDEBUG,mpsd0294,52792584,64,cores,spread,96,10,0.4,dic,True,1,81.67,1021.84,3.87,709120,0,/work/scratch/kurse/kurs00102/aa51gony/minicfd/scaling-opt-d/2026-06-24T05-05-02.945202+00-00/runs/run_0022_d96_e10_t64_bind-spread_r01/stdout.log,/work/scratch/kurse/kurs00102/aa51gony/minicfd/scaling-opt-d/2026-06-24T05-05-02.945202+00-00/runs/run_0022_d96_e10_t64_bind-spread_r01/stderr.log,/work/scratch/kurse/kurs00102/aa51gony/minicfd/scaling-opt-d/2026-06-24T05-05-02.945202+00-00/runs/run_0022_d96_e10_t64_bind-spread_r01/time.txt,,,/work/home/kurse/kurs00102/aa51gony/minicfd/build/opt-d-build/minicfd -d 96 -e 10 -s 0.4 -p dic -l off --disable-output
2026-06-24T05:39:01.848973+00:00,scaling-opt-d,benchmark,,bd5af092e4246f27211e6b1079dcc5261bf04400,opt-d-build,c++,c++ (GCC) 11.5.0 20240719 (Red Hat 11.5.0-5),RelWithDebInfo,-O2 -g -DNDEBUG,mpsd0294,52792584,64,cores,spread,96,10,0.4,dic,True,2,81.72,1023.41,3.75,707376,0,/work/scratch/kurse/kurs00102/aa51gony/minicfd/scaling-opt-d/2026-06-24T05-05-02.945202+00-00/runs/run_0023_d96_e10_t64_bind-spread_r02/stdout.log,/work/scratch/kurse/kurs00102/aa51gony/minicfd/scaling-opt-d/2026-06-24T05-05-02.945202+00-00/runs/run_0023_d96_e10_t64_bind-spread_r02/stderr.log,/work/scratch/kurse/kurs00102/aa51gony/minicfd/scaling-opt-d/2026-06-24T05-05-02.945202+00-00/runs/run_0023_d96_e10_t64_bind-spread_r02/time.txt,,,/work/home/kurse/kurs00102/aa51gony/minicfd/build/opt-d-build/minicfd -d 96 -e 10 -s 0.4 -p dic -l off --disable-output
2026-06-24T05:40:23.401182+00:00,scaling-opt-d,benchmark,,bd5af092e4246f27211e6b1079dcc5261bf04400,opt-d-build,c++,c++ (GCC) 11.5.0 20240719 (Red Hat 11.5.0-5),RelWithDebInfo,-O2 -g -DNDEBUG,mpsd0294,52792584,64,cores,spread,96,10,0.4,dic,True,3,81.54,1022.50,3.69,705500,0,/work/scratch/kurse/kurs00102/aa51gony/minicfd/scaling-opt-d/2026-06-24T05-05-02.945202+00-00/runs/run_0024_d96_e10_t64_bind-spread_r03/stdout.log,/work/scratch/kurse/kurs00102/aa51gony/minicfd/scaling-opt-d/2026-06-24T05-05-02.945202+00-00/runs/run_0024_d96_e10_t64_bind-spread_r03/stderr.log,/work/scratch/kurse/kurs00102/aa51gony/minicfd/scaling-opt-d/2026-06-24T05-05-02.945202+00-00/runs/run_0024_d96_e10_t64_bind-spread_r03/time.txt,,,/work/home/kurse/kurs00102/aa51gony/minicfd/build/opt-d-build/minicfd -d 96 -e 10 -s 0.4 -p dic -l off --disable-output
2026-06-24T05:41:45.812177+00:00,scaling-opt-d,benchmark,,bd5af092e4246f27211e6b1079dcc5261bf04400,opt-d-build,c++,c++ (GCC) 11.5.0 20240719 (Red Hat 11.5.0-5),RelWithDebInfo,-O2 -g -DNDEBUG,mpsd0294,52792584,104,cores,spread,96,10,0.4,dic,True,1,82.40,1800.42,22.86,707856,0,/work/scratch/kurse/kurs00102/aa51gony/minicfd/scaling-opt-d/2026-06-24T05-05-02.945202+00-00/runs/run_0025_d96_e10_t104_bind-spread_r01/stdout.log,/work/scratch/kurse/kurs00102/aa51gony/minicfd/scaling-opt-d/2026-06-24T05-05-02.945202+00-00/runs/run_0025_d96_e10_t104_bind-spread_r01/stderr.log,/work/scratch/kurse/kurs00102/aa51gony/minicfd/scaling-opt-d/2026-06-24T05-05-02.945202+00-00/runs/run_0025_d96_e10_t104_bind-spread_r01/time.txt,,,/work/home/kurse/kurs00102/aa51gony/minicfd/build/opt-d-build/minicfd -d 96 -e 10 -s 0.4 -p dic -l off --disable-output
2026-06-24T05:43:08.535327+00:00,scaling-opt-d,benchmark,,bd5af092e4246f27211e6b1079dcc5261bf04400,opt-d-build,c++,c++ (GCC) 11.5.0 20240719 (Red Hat 11.5.0-5),RelWithDebInfo,-O2 -g -DNDEBUG,mpsd0294,52792584,104,cores,spread,96,10,0.4,dic,True,2,82.71,1811.92,24.19,710004,0,/work/scratch/kurse/kurs00102/aa51gony/minicfd/scaling-opt-d/2026-06-24T05-05-02.945202+00-00/runs/run_0026_d96_e10_t104_bind-spread_r02/stdout.log,/work/scratch/kurse/kurs00102/aa51gony/minicfd/scaling-opt-d/2026-06-24T05-05-02.945202+00-00/runs/run_0026_d96_e10_t104_bind-spread_r02/stderr.log,/work/scratch/kurse/kurs00102/aa51gony/minicfd/scaling-opt-d/2026-06-24T05-05-02.945202+00-00/runs/run_0026_d96_e10_t104_bind-spread_r02/time.txt,,,/work/home/kurse/kurs00102/aa51gony/minicfd/build/opt-d-build/minicfd -d 96 -e 10 -s 0.4 -p dic -l off --disable-output
2026-06-24T05:44:30.338197+00:00,scaling-opt-d,benchmark,,bd5af092e4246f27211e6b1079dcc5261bf04400,opt-d-build,c++,c++ (GCC) 11.5.0 20240719 (Red Hat 11.5.0-5),RelWithDebInfo,-O2 -g -DNDEBUG,mpsd0294,52792584,104,cores,spread,96,10,0.4,dic,True,3,81.79,1788.99,24.61,706976,0,/work/scratch/kurse/kurs00102/aa51gony/minicfd/scaling-opt-d/2026-06-24T05-05-02.945202+00-00/runs/run_0027_d96_e10_t104_bind-spread_r03/stdout.log,/work/scratch/kurse/kurs00102/aa51gony/minicfd/scaling-opt-d/2026-06-24T05-05-02.945202+00-00/runs/run_0027_d96_e10_t104_bind-spread_r03/stderr.log,/work/scratch/kurse/kurs00102/aa51gony/minicfd/scaling-opt-d/2026-06-24T05-05-02.945202+00-00/runs/run_0027_d96_e10_t104_bind-spread_r03/time.txt,,,/work/home/kurse/kurs00102/aa51gony/minicfd/build/opt-d-build/minicfd -d 96 -e 10 -s 0.4 -p dic -l off --disable-output
